protein_id,experiment
hsl014052,15082026_16k_production_4_seeds_4_sizes_20260818_pp_1p8_pc_2p2_cont_4p0_8p0
hsl014198,15082026_16k_production_4_seeds_4_sizes_20260818_pp_1p8_pc_2p2_cont_4p0_8p0
hsl014234,15082026_16k_production_4_seeds_4_sizes_20260818_pp_1p8_pc_2p2_cont_4p0_8p0
hsl014442,15082026_16k_production_4_seeds_4_sizes_20260818_pp_1p8_pc_2p2_cont_4p0_8p0
hsl014548,15082026_16k_production_4_seeds_4_sizes_20260818_pp_1p8_pc_2p2_cont_4p0_8p0
hsl014707,15082026_16k_production_4_seeds_4_sizes_20260818_pp_1p8_pc_2p2_cont_4p0_8p0
hsl014812,15082026_16k_production_4_seeds_4_sizes_20260818_pp_1p8_pc_2p2_cont_4p0_8p0
hsl014968,15082026_16k_production_4_seeds_4_sizes_20260818_pp_1p8_pc_2p2_cont_4p0_8p0
hsm013072,15082026_16k_production_4_seeds_4_sizes_20260818_pp_1p8_pc_2p2_cont_4p0_8p0
hsm013080,15082026_16k_production_4_seeds_4_sizes_20260818_pp_1p8_pc_2p2_cont_4p0_8p0
hsm013640,15082026_16k_production_4_seeds_4_sizes_20260818_pp_1p8_pc_2p2_cont_4p0_8p0
hsx015039,15082026_16k_production_4_seeds_4_sizes_20260818_pp_1p8_pc_2p2_cont_4p0_8p0
hsx015069,15082026_16k_production_4_seeds_4_sizes_20260818_pp_1p8_pc_2p2_cont_4p0_8p0
hsx015165,15082026_16k_production_4_seeds_4_sizes_20260818_pp_1p8_pc_2p2_cont_4p0_8p0
hsx015313,15082026_16k_production_4_seeds_4_sizes_20260818_pp_1p8_pc_2p2_cont_4p0_8p0
hsx015406,15082026_16k_production_4_seeds_4_sizes_20260818_pp_1p8_pc_2p2_cont_4p0_8p0
hsx015754,15082026_16k_production_4_seeds_4_sizes_20260818_pp_1p8_pc_2p2_cont_4p0_8p0
hsx015864,15082026_16k_production_4_seeds_4_sizes_20260818_pp_1p8_pc_2p2_cont_4p0_8p0
hsx015960,15082026_16k_production_4_seeds_4_sizes_20260818_pp_1p8_pc_2p2_cont_4p0_8p0
htl006254,15082026_16k_production_4_seeds_4_sizes_20260818_pp_1p8_pc_2p2_cont_4p0_8p0
htl006297,15082026_16k_production_4_seeds_4_sizes_20260818_pp_1p8_pc_2p2_cont_4p0_8p0
htl006393,15082026_16k_production_4_seeds_4_sizes_20260818_pp_1p8_pc_2p2_cont_4p0_8p0
htl006600,15082026_16k_production_4_seeds_4_sizes_20260818_pp_1p8_pc_2p2_cont_4p0_8p0
htl006834,15082026_16k_production_4_seeds_4_sizes_20260818_pp_1p8_pc_2p2_cont_4p0_8p0
htl006969,15082026_16k_production_4_seeds_4_sizes_20260818_pp_1p8_pc_2p2_cont_4p0_8p0
htl006970,15082026_16k_production_4_seeds_4_sizes_20260818_pp_1p8_pc_2p2_cont_4p0_8p0
htm005319,15082026_16k_production_4_seeds_4_sizes_20260818_pp_1p8_pc_2p2_cont_4p0_8p0
htm005392,15082026_16k_production_4_seeds_4_sizes_20260818_pp_1p8_pc_2p2_cont_4p0_8p0
htm005459,15082026_16k_production_4_seeds_4_sizes_20260818_pp_1p8_pc_2p2_cont_4p0_8p0
htm005648,15082026_16k_production_4_seeds_4_sizes_20260818_pp_1p8_pc_2p2_cont_4p0_8p0
htx007045,15082026_16k_production_4_seeds_4_sizes_20260818_pp_1p8_pc_2p2_cont_4p0_8p0
htx007059,15082026_16k_production_4_seeds_4_sizes_20260818_pp_1p8_pc_2p2_cont_4p0_8p0
htx007066,15082026_16k_production_4_seeds_4_sizes_20260818_pp_1p8_pc_2p2_cont_4p0_8p0
htx007168,15082026_16k_production_4_seeds_4_sizes_20260818_pp_1p8_pc_2p2_cont_4p0_8p0
htx007203,15082026_16k_production_4_seeds_4_sizes_20260818_pp_1p8_pc_2p2_cont_4p0_8p0
htx007309,15082026_16k_production_4_seeds_4_sizes_20260818_pp_1p8_pc_2p2_cont_4p0_8p0
htx007353,15082026_16k_production_4_seeds_4_sizes_20260818_pp_1p8_pc_2p2_cont_4p0_8p0
htx007376,15082026_16k_production_4_seeds_4_sizes_20260818_pp_1p8_pc_2p2_cont_4p0_8p0
htx007682,15082026_16k_production_4_seeds_4_sizes_20260818_pp_1p8_pc_2p2_cont_4p0_8p0
htx007701,15082026_16k_production_4_seeds_4_sizes_20260818_pp_1p8_pc_2p2_cont_4p0_8p0
htx007785,15082026_16k_production_4_seeds_4_sizes_20260818_pp_1p8_pc_2p2_cont_4p0_8p0
htx007908,15082026_16k_production_4_seeds_4_sizes_20260818_pp_1p8_pc_2p2_cont_4p0_8p0
htx008000,15082026_16k_production_4_seeds_4_sizes_20260818_pp_1p8_pc_2p2_cont_4p0_8p0
shl010182,15082026_16k_production_4_seeds_4_sizes_20260818_pp_1p8_pc_2p2_cont_4p0_8p0
shl010228,15082026_16k_production_4_seeds_4_sizes_20260818_pp_1p8_pc_2p2_cont_4p0_8p0
shl010260,15082026_16k_production_4_seeds_4_sizes_20260818_pp_1p8_pc_2p2_cont_4p0_8p0
shl010293,15082026_16k_production_4_seeds_4_sizes_20260818_pp_1p8_pc_2p2_cont_4p0_8p0
shl010308,15082026_16k_production_4_seeds_4_sizes_20260818_pp_1p8_pc_2p2_cont_4p0_8p0
shl010427,15082026_16k_production_4_seeds_4_sizes_20260818_pp_1p8_pc_2p2_cont_4p0_8p0
shl010524,15082026_16k_production_4_seeds_4_sizes_20260818_pp_1p8_pc_2p2_cont_4p0_8p0
shl010682,15082026_16k_production_4_seeds_4_sizes_20260818_pp_1p8_pc_2p2_cont_4p0_8p0
shl010703,15082026_16k_production_4_seeds_4_sizes_20260818_pp_1p8_pc_2p2_cont_4p0_8p0
shl010890,15082026_16k_production_4_seeds_4_sizes_20260818_pp_1p8_pc_2p2_cont_4p0_8p0
shl010903,15082026_16k_production_4_seeds_4_sizes_20260818_pp_1p8_pc_2p2_cont_4p0_8p0
shl010929,15082026_16k_production_4_seeds_4_sizes_20260818_pp_1p8_pc_2p2_cont_4p0_8p0
shl010935,15082026_16k_production_4_seeds_4_sizes_20260818_pp_1p8_pc_2p2_cont_4p0_8p0
shm009029,15082026_16k_production_4_seeds_4_sizes_20260818_pp_1p8_pc_2p2_cont_4p0_8p0
shm009036,15082026_16k_production_4_seeds_4_sizes_20260818_pp_1p8_pc_2p2_cont_4p0_8p0
shm009107,15082026_16k_production_4_seeds_4_sizes_20260818_pp_1p8_pc_2p2_cont_4p0_8p0
shm009156,15082026_16k_production_4_seeds_4_sizes_20260818_pp_1p8_pc_2p2_cont_4p0_8p0
shm009157,15082026_16k_production_4_seeds_4_sizes_20260818_pp_1p8_pc_2p2_cont_4p0_8p0
shm009194,15082026_16k_production_4_seeds_4_sizes_20260818_pp_1p8_pc_2p2_cont_4p0_8p0
shm009245,15082026_16k_production_4_seeds_4_sizes_20260818_pp_1p8_pc_2p2_cont_4p0_8p0
shm009359,15082026_16k_production_4_seeds_4_sizes_20260818_pp_1p8_pc_2p2_cont_4p0_8p0
shm009420,15082026_16k_production_4_seeds_4_sizes_20260818_pp_1p8_pc_2p2_cont_4p0_8p0
shm009450,15082026_16k_production_4_seeds_4_sizes_20260818_pp_1p8_pc_2p2_cont_4p0_8p0
shm009523,15082026_16k_production_4_seeds_4_sizes_20260818_pp_1p8_pc_2p2_cont_4p0_8p0
shm009710,15082026_16k_production_4_seeds_4_sizes_20260818_pp_1p8_pc_2p2_cont_4p0_8p0
shm009822,15082026_16k_production_4_seeds_4_sizes_20260818_pp_1p8_pc_2p2_cont_4p0_8p0
shm009879,15082026_16k_production_4_seeds_4_sizes_20260818_pp_1p8_pc_2p2_cont_4p0_8p0
shm009923,15082026_16k_production_4_seeds_4_sizes_20260818_pp_1p8_pc_2p2_cont_4p0_8p0
shs008094,15082026_16k_production_4_seeds_4_sizes_20260818_pp_1p8_pc_2p2_cont_4p0_8p0
shs008297,15082026_16k_production_4_seeds_4_sizes_20260818_pp_1p8_pc_2p2_cont_4p0_8p0
shs008311,15082026_16k_production_4_seeds_4_sizes_20260818_pp_1p8_pc_2p2_cont_4p0_8p0
shs008356,15082026_16k_production_4_seeds_4_sizes_20260818_pp_1p8_pc_2p2_cont_4p0_8p0
shs008438,15082026_16k_production_4_seeds_4_sizes_20260818_pp_1p8_pc_2p2_cont_4p0_8p0
shs008488,15082026_16k_production_4_seeds_4_sizes_20260818_pp_1p8_pc_2p2_cont_4p0_8p0
shs008489,15082026_16k_production_4_seeds_4_sizes_20260818_pp_1p8_pc_2p2_cont_4p0_8p0
shs008497,15082026_16k_production_4_seeds_4_sizes_20260818_pp_1p8_pc_2p2_cont_4p0_8p0
shs008517,15082026_16k_production_4_seeds_4_sizes_20260818_pp_1p8_pc_2p2_cont_4p0_8p0
shs008550,15082026_16k_production_4_seeds_4_sizes_20260818_pp_1p8_pc_2p2_cont_4p0_8p0
shs008711,15082026_16k_production_4_seeds_4_sizes_20260818_pp_1p8_pc_2p2_cont_4p0_8p0
shs008738,15082026_16k_production_4_seeds_4_sizes_20260818_pp_1p8_pc_2p2_cont_4p0_8p0
shs008968,15082026_16k_production_4_seeds_4_sizes_20260818_pp_1p8_pc_2p2_cont_4p0_8p0
shs008988,15082026_16k_production_4_seeds_4_sizes_20260818_pp_1p8_pc_2p2_cont_4p0_8p0
shx011004,15082026_16k_production_4_seeds_4_sizes_20260818_pp_1p8_pc_2p2_cont_4p0_8p0
shx011023,15082026_16k_production_4_seeds_4_sizes_20260818_pp_1p8_pc_2p2_cont_4p0_8p0
shx011075,15082026_16k_production_4_seeds_4_sizes_20260818_pp_1p8_pc_2p2_cont_4p0_8p0
shx011083,15082026_16k_production_4_seeds_4_sizes_20260818_pp_1p8_pc_2p2_cont_4p0_8p0
shx011092,15082026_16k_production_4_seeds_4_sizes_20260818_pp_1p8_pc_2p2_cont_4p0_8p0
shx011120,15082026_16k_production_4_seeds_4_sizes_20260818_pp_1p8_pc_2p2_cont_4p0_8p0
shx011181,15082026_16k_production_4_seeds_4_sizes_20260818_pp_1p8_pc_2p2_cont_4p0_8p0
shx011191,15082026_16k_production_4_seeds_4_sizes_20260818_pp_1p8_pc_2p2_cont_4p0_8p0
shx011225,15082026_16k_production_4_seeds_4_sizes_20260818_pp_1p8_pc_2p2_cont_4p0_8p0
shx011227,15082026_16k_production_4_seeds_4_sizes_20260818_pp_1p8_pc_2p2_cont_4p0_8p0
shx011263,15082026_16k_production_4_seeds_4_sizes_20260818_pp_1p8_pc_2p2_cont_4p0_8p0
shx011329,15082026_16k_production_4_seeds_4_sizes_20260818_pp_1p8_pc_2p2_cont_4p0_8p0
shx011402,15082026_16k_production_4_seeds_4_sizes_20260818_pp_1p8_pc_2p2_cont_4p0_8p0
shx011491,15082026_16k_production_4_seeds_4_sizes_20260818_pp_1p8_pc_2p2_cont_4p0_8p0
shx011619,15082026_16k_production_4_seeds_4_sizes_20260818_pp_1p8_pc_2p2_cont_4p0_8p0
shx011660,15082026_16k_production_4_seeds_4_sizes_20260818_pp_1p8_pc_2p2_cont_4p0_8p0
shx011680,15082026_16k_production_4_seeds_4_sizes_20260818_pp_1p8_pc_2p2_cont_4p0_8p0
shx011711,15082026_16k_production_4_seeds_4_sizes_20260818_pp_1p8_pc_2p2_cont_4p0_8p0
shx011754,15082026_16k_production_4_seeds_4_sizes_20260818_pp_1p8_pc_2p2_cont_4p0_8p0
shx011814,15082026_16k_production_4_seeds_4_sizes_20260818_pp_1p8_pc_2p2_cont_4p0_8p0
shx011848,15082026_16k_production_4_seeds_4_sizes_20260818_pp_1p8_pc_2p2_cont_4p0_8p0
shx011895,15082026_16k_production_4_seeds_4_sizes_20260818_pp_1p8_pc_2p2_cont_4p0_8p0
shx011923,15082026_16k_production_4_seeds_4_sizes_20260818_pp_1p8_pc_2p2_cont_4p0_8p0
shx011974,15082026_16k_production_4_seeds_4_sizes_20260818_pp_1p8_pc_2p2_cont_4p0_8p0
shx011994,15082026_16k_production_4_seeds_4_sizes_20260818_pp_1p8_pc_2p2_cont_4p0_8p0
thl002025,15082026_16k_production_4_seeds_4_sizes_20260817_pp_1p8_pc_2p2_cont_4p0_8p0
thl002086,15082026_16k_production_4_seeds_4_sizes_20260818_pp_1p8_pc_2p2_cont_4p0_8p0
thl002209,15082026_16k_production_4_seeds_4_sizes_20260817_pp_1p8_pc_2p2_cont_4p0_8p0
thl002504,15082026_16k_production_4_seeds_4_sizes_20260817_pp_1p8_pc_2p2_cont_4p0_8p0
thl002551,15082026_16k_production_4_seeds_4_sizes_20260818_pp_1p8_pc_2p2_cont_4p0_8p0
thl002862,15082026_16k_production_4_seeds_4_sizes_20260817_pp_1p8_pc_2p2_cont_4p0_8p0
thm001031,15082026_16k_production_4_seeds_4_sizes_20260817_pp_1p8_pc_2p2_cont_4p0_8p0
thm001046,15082026_16k_production_4_seeds_4_sizes_20260818_pp_1p8_pc_2p2_cont_4p0_8p0
thm001050,15082026_16k_production_4_seeds_4_sizes_20260818_pp_1p8_pc_2p2_cont_4p0_8p0
thm001080,15082026_16k_production_4_seeds_4_sizes_20260818_pp_1p8_pc_2p2_cont_4p0_8p0
thm001106,15082026_16k_production_4_seeds_4_sizes_20260818_pp_1p8_pc_2p2_cont_4p0_8p0
thm001131,15082026_16k_production_4_seeds_4_sizes_20260818_pp_1p8_pc_2p2_cont_4p0_8p0
thm001139,15082026_16k_production_4_seeds_4_sizes_20260818_pp_1p8_pc_2p2_cont_4p0_8p0
thm001146,15082026_16k_production_4_seeds_4_sizes_20260818_pp_1p8_pc_2p2_cont_4p0_8p0
thm001164,15082026_16k_production_4_seeds_4_sizes_20260817_pp_1p8_pc_2p2_cont_4p0_8p0
thm001191,15082026_16k_production_4_seeds_4_sizes_20260818_pp_1p8_pc_2p2_cont_4p0_8p0
thm001225,15082026_16k_production_4_seeds_4_sizes_20260818_pp_1p8_pc_2p2_cont_4p0_8p0
thm001247,15082026_16k_production_4_seeds_4_sizes_20260818_pp_1p8_pc_2p2_cont_4p0_8p0
thm001269,15082026_16k_production_4_seeds_4_sizes_20260818_pp_1p8_pc_2p2_cont_4p0_8p0
thm001315,15082026_16k_production_4_seeds_4_sizes_20260818_pp_1p8_pc_2p2_cont_4p0_8p0
thm001317,15082026_16k_production_4_seeds_4_sizes_20260817_pp_1p8_pc_2p2_cont_4p0_8p0
thm001340,15082026_16k_production_4_seeds_4_sizes_20260817_pp_1p8_pc_2p2_cont_4p0_8p0
thm001343,15082026_16k_production_4_seeds_4_sizes_20260817_pp_1p8_pc_2p2_cont_4p0_8p0
thm001369,15082026_16k_production_4_seeds_4_sizes_20260817_pp_1p8_pc_2p2_cont_4p0_8p0
thm001384,15082026_16k_production_4_seeds_4_sizes_20260817_pp_1p8_pc_2p2_cont_4p0_8p0
thm001399,15082026_16k_production_4_seeds_4_sizes_20260818_pp_1p8_pc_2p2_cont_4p0_8p0
thm001402,15082026_16k_production_4_seeds_4_sizes_20260817_pp_1p8_pc_2p2_cont_4p0_8p0
thm001412,15082026_16k_production_4_seeds_4_sizes_20260817_pp_1p8_pc_2p2_cont_4p0_8p0
thm001436,15082026_16k_production_4_seeds_4_sizes_20260818_pp_1p8_pc_2p2_cont_4p0_8p0
thm001454,15082026_16k_production_4_seeds_4_sizes_20260817_pp_1p8_pc_2p2_cont_4p0_8p0
thm001588,15082026_16k_production_4_seeds_4_sizes_20260817_pp_1p8_pc_2p2_cont_4p0_8p0
thm001607,15082026_16k_production_4_seeds_4_sizes_20260817_pp_1p8_pc_2p2_cont_4p0_8p0
thm001645,15082026_16k_production_4_seeds_4_sizes_20260818_pp_1p8_pc_2p2_cont_4p0_8p0
thm001663,15082026_16k_production_4_seeds_4_sizes_20260818_pp_1p8_pc_2p2_cont_4p0_8p0
thm001676,15082026_16k_production_4_seeds_4_sizes_20260818_pp_1p8_pc_2p2_cont_4p0_8p0
thm001694,15082026_16k_production_4_seeds_4_sizes_20260818_pp_1p8_pc_2p2_cont_4p0_8p0
thm001699,15082026_16k_production_4_seeds_4_sizes_20260817_pp_1p8_pc_2p2_cont_4p0_8p0
thm001736,15082026_16k_production_4_seeds_4_sizes_20260818_pp_1p8_pc_2p2_cont_4p0_8p0
thm001744,15082026_16k_production_4_seeds_4_sizes_20260817_pp_1p8_pc_2p2_cont_4p0_8p0
thm001796,15082026_16k_production_4_seeds_4_sizes_20260817_pp_1p8_pc_2p2_cont_4p0_8p0
thm001814,15082026_16k_production_4_seeds_4_sizes_20260817_pp_1p8_pc_2p2_cont_4p0_8p0
thm001827,15082026_16k_production_4_seeds_4_sizes_20260817_pp_1p8_pc_2p2_cont_4p0_8p0
thm001828,15082026_16k_production_4_seeds_4_sizes_20260817_pp_1p8_pc_2p2_cont_4p0_8p0
thm001846,15082026_16k_production_4_seeds_4_sizes_20260818_pp_1p8_pc_2p2_cont_4p0_8p0
thm001847,15082026_16k_production_4_seeds_4_sizes_20260817_pp_1p8_pc_2p2_cont_4p0_8p0
thm001898,15082026_16k_production_4_seeds_4_sizes_20260817_pp_1p8_pc_2p2_cont_4p0_8p0
thm001930,15082026_16k_production_4_seeds_4_sizes_20260818_pp_1p8_pc_2p2_cont_4p0_8p0
thm001933,15082026_16k_production_4_seeds_4_sizes_20260817_pp_1p8_pc_2p2_cont_4p0_8p0
thm001940,15082026_16k_production_4_seeds_4_sizes_20260818_pp_1p8_pc_2p2_cont_4p0_8p0
thm001950,15082026_16k_production_4_seeds_4_sizes_20260817_pp_1p8_pc_2p2_cont_4p0_8p0
thm001964,15082026_16k_production_4_seeds_4_sizes_20260817_pp_1p8_pc_2p2_cont_4p0_8p0
thm001966,15082026_16k_production_4_seeds_4_sizes_20260818_pp_1p8_pc_2p2_cont_4p0_8p0
thm001969,15082026_16k_production_4_seeds_4_sizes_20260817_pp_1p8_pc_2p2_cont_4p0_8p0
thm001975,15082026_16k_production_4_seeds_4_sizes_20260818_pp_1p8_pc_2p2_cont_4p0_8p0
thm001979,15082026_16k_production_4_seeds_4_sizes_20260817_pp_1p8_pc_2p2_cont_4p0_8p0
thm001984,15082026_16k_production_4_seeds_4_sizes_20260817_pp_1p8_pc_2p2_cont_4p0_8p0
thm001987,15082026_16k_production_4_seeds_4_sizes_20260817_pp_1p8_pc_2p2_cont_4p0_8p0
thm001994,15082026_16k_production_4_seeds_4_sizes_20260818_pp_1p8_pc_2p2_cont_4p0_8p0
thm002000,15082026_16k_production_4_seeds_4_sizes_20260818_pp_1p8_pc_2p2_cont_4p0_8p0
ths000001,15082026_16k_production_4_seeds_4_sizes_20260818_pp_1p8_pc_2p2_cont_4p0_8p0
ths000006,15082026_16k_production_4_seeds_4_sizes_20260818_pp_1p8_pc_2p2_cont_4p0_8p0
ths000020,15082026_16k_production_4_seeds_4_sizes_20260818_pp_1p8_pc_2p2_cont_4p0_8p0
ths000030,15082026_16k_production_4_seeds_4_sizes_20260818_pp_1p8_pc_2p2_cont_4p0_8p0
ths000053,15082026_16k_production_4_seeds_4_sizes_20260818_pp_1p8_pc_2p2_cont_4p0_8p0
ths000059,15082026_16k_production_4_seeds_4_sizes_20260818_pp_1p8_pc_2p2_cont_4p0_8p0
ths000071,15082026_16k_production_4_seeds_4_sizes_20260818_pp_1p8_pc_2p2_cont_4p0_8p0
ths000075,15082026_16k_production_4_seeds_4_sizes_20260818_pp_1p8_pc_2p2_cont_4p0_8p0
ths000096,15082026_16k_production_4_seeds_4_sizes_20260818_pp_1p8_pc_2p2_cont_4p0_8p0
ths000109,15082026_16k_production_4_seeds_4_sizes_20260817_pp_1p8_pc_2p2_cont_4p0_8p0
ths000111,15082026_16k_production_4_seeds_4_sizes_20260818_pp_1p8_pc_2p2_cont_4p0_8p0
ths000123,15082026_16k_production_4_seeds_4_sizes_20260817_pp_1p8_pc_2p2_cont_4p0_8p0
ths000163,15082026_16k_production_4_seeds_4_sizes_20260818_pp_1p8_pc_2p2_cont_4p0_8p0
ths000187,15082026_16k_production_4_seeds_4_sizes_20260817_pp_1p8_pc_2p2_cont_4p0_8p0
ths000199,15082026_16k_production_4_seeds_4_sizes_20260818_pp_1p8_pc_2p2_cont_4p0_8p0
ths000221,15082026_16k_production_4_seeds_4_sizes_20260818_pp_1p8_pc_2p2_cont_4p0_8p0
ths000231,15082026_16k_production_4_seeds_4_sizes_20260817_pp_1p8_pc_2p2_cont_4p0_8p0
ths000250,15082026_16k_production_4_seeds_4_sizes_20260818_pp_1p8_pc_2p2_cont_4p0_8p0
ths000272,15082026_16k_production_4_seeds_4_sizes_20260817_pp_1p8_pc_2p2_cont_4p0_8p0
ths000284,15082026_16k_production_4_seeds_4_sizes_20260818_pp_1p8_pc_2p2_cont_4p0_8p0
ths000296,15082026_16k_production_4_seeds_4_sizes_20260818_pp_1p8_pc_2p2_cont_4p0_8p0
ths000315,15082026_16k_production_4_seeds_4_sizes_20260818_pp_1p8_pc_2p2_cont_4p0_8p0
ths000341,15082026_16k_production_4_seeds_4_sizes_20260817_pp_1p8_pc_2p2_cont_4p0_8p0
ths000346,15082026_16k_production_4_seeds_4_sizes_20260818_pp_1p8_pc_2p2_cont_4p0_8p0
ths000362,15082026_16k_production_4_seeds_4_sizes_20260817_pp_1p8_pc_2p2_cont_4p0_8p0
ths000363,15082026_16k_production_4_seeds_4_sizes_20260818_pp_1p8_pc_2p2_cont_4p0_8p0
ths000395,15082026_16k_production_4_seeds_4_sizes_20260817_pp_1p8_pc_2p2_cont_4p0_8p0
ths000411,15082026_16k_production_4_seeds_4_sizes_20260818_pp_1p8_pc_2p2_cont_4p0_8p0
ths000426,15082026_16k_production_4_seeds_4_sizes_20260817_pp_1p8_pc_2p2_cont_4p0_8p0
ths000441,15082026_16k_production_4_seeds_4_sizes_20260818_pp_1p8_pc_2p2_cont_4p0_8p0
ths000454,15082026_16k_production_4_seeds_4_sizes_20260817_pp_1p8_pc_2p2_cont_4p0_8p0
ths000473,15082026_16k_production_4_seeds_4_sizes_20260818_pp_1p8_pc_2p2_cont_4p0_8p0
ths000488,15082026_16k_production_4_seeds_4_sizes_20260818_pp_1p8_pc_2p2_cont_4p0_8p0
ths000491,15082026_16k_production_4_seeds_4_sizes_20260818_pp_1p8_pc_2p2_cont_4p0_8p0
ths000499,15082026_16k_production_4_seeds_4_sizes_20260817_pp_1p8_pc_2p2_cont_4p0_8p0
ths000507,15082026_16k_production_4_seeds_4_sizes_20260818_pp_1p8_pc_2p2_cont_4p0_8p0
ths000510,15082026_16k_production_4_seeds_4_sizes_20260818_pp_1p8_pc_2p2_cont_4p0_8p0
ths000525,15082026_16k_production_4_seeds_4_sizes_20260817_pp_1p8_pc_2p2_cont_4p0_8p0
ths000538,15082026_16k_production_4_seeds_4_sizes_20260817_pp_1p8_pc_2p2_cont_4p0_8p0
ths000571,15082026_16k_production_4_seeds_4_sizes_20260817_pp_1p8_pc_2p2_cont_4p0_8p0
ths000576,15082026_16k_production_4_seeds_4_sizes_20260818_pp_1p8_pc_2p2_cont_4p0_8p0
ths000585,15082026_16k_production_4_seeds_4_sizes_20260817_pp_1p8_pc_2p2_cont_4p0_8p0
ths000587,15082026_16k_production_4_seeds_4_sizes_20260817_pp_1p8_pc_2p2_cont_4p0_8p0
ths000598,15082026_16k_production_4_seeds_4_sizes_20260817_pp_1p8_pc_2p2_cont_4p0_8p0
ths000603,15082026_16k_production_4_seeds_4_sizes_20260818_pp_1p8_pc_2p2_cont_4p0_8p0
ths000626,15082026_16k_production_4_seeds_4_sizes_20260818_pp_1p8_pc_2p2_cont_4p0_8p0
ths000630,15082026_16k_production_4_seeds_4_sizes_20260818_pp_1p8_pc_2p2_cont_4p0_8p0
ths000648,15082026_16k_production_4_seeds_4_sizes_20260818_pp_1p8_pc_2p2_cont_4p0_8p0
ths000678,15082026_16k_production_4_seeds_4_sizes_20260817_pp_1p8_pc_2p2_cont_4p0_8p0
ths000679,15082026_16k_production_4_seeds_4_sizes_20260817_pp_1p8_pc_2p2_cont_4p0_8p0
ths000706,15082026_16k_production_4_seeds_4_sizes_20260818_pp_1p8_pc_2p2_cont_4p0_8p0
ths000766,15082026_16k_production_4_seeds_4_sizes_20260818_pp_1p8_pc_2p2_cont_4p0_8p0
ths000767,15082026_16k_production_4_seeds_4_sizes_20260817_pp_1p8_pc_2p2_cont_4p0_8p0
ths000772,15082026_16k_production_4_seeds_4_sizes_20260817_pp_1p8_pc_2p2_cont_4p0_8p0
ths000784,15082026_16k_production_4_seeds_4_sizes_20260818_pp_1p8_pc_2p2_cont_4p0_8p0
ths000802,15082026_16k_production_4_seeds_4_sizes_20260817_pp_1p8_pc_2p2_cont_4p0_8p0
ths000809,15082026_16k_production_4_seeds_4_sizes_20260817_pp_1p8_pc_2p2_cont_4p0_8p0
ths000845,15082026_16k_production_4_seeds_4_sizes_20260818_pp_1p8_pc_2p2_cont_4p0_8p0
ths000855,15082026_16k_production_4_seeds_4_sizes_20260818_pp_1p8_pc_2p2_cont_4p0_8p0
ths000892,15082026_16k_production_4_seeds_4_sizes_20260818_pp_1p8_pc_2p2_cont_4p0_8p0
thx003093,15082026_16k_production_4_seeds_4_sizes_20260818_pp_1p8_pc_2p2_cont_4p0_8p0
thx003287,15082026_16k_production_4_seeds_4_sizes_20260817_pp_1p8_pc_2p2_cont_4p0_8p0
thx003294,15082026_16k_production_4_seeds_4_sizes_20260818_pp_1p8_pc_2p2_cont_4p0_8p0
thx003320,15082026_16k_production_4_seeds_4_sizes_20260817_pp_1p8_pc_2p2_cont_4p0_8p0
thx003328,15082026_16k_production_4_seeds_4_sizes_20260818_pp_1p8_pc_2p2_cont_4p0_8p0
thx003358,15082026_16k_production_4_seeds_4_sizes_20260817_pp_1p8_pc_2p2_cont_4p0_8p0
thx003426,15082026_16k_production_4_seeds_4_sizes_20260817_pp_1p8_pc_2p2_cont_4p0_8p0
thx003457,15082026_16k_production_4_seeds_4_sizes_20260818_pp_1p8_pc_2p2_cont_4p0_8p0
thx003476,15082026_16k_production_4_seeds_4_sizes_20260818_pp_1p8_pc_2p2_cont_4p0_8p0
thx003613,15082026_16k_production_4_seeds_4_sizes_20260817_pp_1p8_pc_2p2_cont_4p0_8p0
thx003721,15082026_16k_production_4_seeds_4_sizes_20260818_pp_1p8_pc_2p2_cont_4p0_8p0
thx003796,15082026_16k_production_4_seeds_4_sizes_20260817_pp_1p8_pc_2p2_cont_4p0_8p0
thx003815,15082026_16k_production_4_seeds_4_sizes_20260818_pp_1p8_pc_2p2_cont_4p0_8p0
thx003842,15082026_16k_production_4_seeds_4_sizes_20260817_pp_1p8_pc_2p2_cont_4p0_8p0
thx003901,15082026_16k_production_4_seeds_4_sizes_20260817_pp_1p8_pc_2p2_cont_4p0_8p0
